<?xml version="1.0" encoding="UTF-8"?>
<project-private xmlns="http://www.netbeans.org/ns/project-private/1">
    <editor-bookmarks xmlns="http://www.netbeans.org/ns/editor-bookmarks/2" lastBookmarkId="0"/>
    <open-files xmlns="http://www.netbeans.org/ns/projectui-open-files/2">
        <group>
            <file>file:/C:/Users/prady/OneDrive/Documents/NetBeansProjects/CourseSchedulerPradyumnaVallabhajosyulaPPV5070/src/ClassDescription.java</file>
            <file>file:/C:/Users/prady/OneDrive/Documents/NetBeansProjects/CourseSchedulerPradyumnaVallabhajosyulaPPV5070/src/ClassQueries.java</file>
            <file>file:/C:/Users/prady/OneDrive/Documents/NetBeansProjects/CourseSchedulerPradyumnaVallabhajosyulaPPV5070/src/DBConnection.java</file>
            <file>file:/C:/Users/prady/OneDrive/Documents/NetBeansProjects/CourseSchedulerPradyumnaVallabhajosyulaPPV5070/src/CourseQueiries.java</file>
            <file>file:/C:/Users/prady/OneDrive/Documents/NetBeansProjects/CourseSchedulerPradyumnaVallabhajosyulaPPV5070/src/MainFrame.java</file>
            <file>file:/C:/Users/prady/OneDrive/Documents/NetBeansProjects/CourseSchedulerPradyumnaVallabhajosyulaPPV5070/src/ClassEntry.java</file>
            <file>file:/C:/Users/prady/OneDrive/Documents/NetBeansProjects/CourseSchedulerPradyumnaVallabhajosyulaPPV5070/src/ScheduleEntry.java</file>
        </group>
    </open-files>
</project-private>
